Time,Value,Segment UID
1736469095.5951984,-2.79739003e-07,zero
1736469097.5953453,-8.54067579e-08,zero
1736469099.595406,-1.52269811e-07,zero
1736469101.5955715,-2.48153555e-08,zero
1736469103.5958238,-8.73404448e-08,zero
1736469105.5959504,-3.96429367e-07,zero
1736469107.5960467,-3.2265093e-07,zero
1736469109.5962868,-1.21494901e-07,zero
1736469111.5963817,-2.60174208e-07,zero
1736469113.5965378,-1.16656443e-08,zero
1736469115.5967956,-1.34255655e-07,zero
1736469117.5964494,-2.24776601e-07,zero
1736469119.597168,-2.90666176e-07,zero
1736469121.597331,-4.39299135e-07,zero
1736469123.5973525,-2.86911866e-07,zero
1736469125.5975394,-5.65845536e-07,zero
1736469127.5975652,-2.37880799e-08,zero
1736469129.5979924,-5.24062011e-09,zero
1736469131.5982509,-1.33502614e-07,zero
1736469133.5982304,-1.28078812e-07,zero
1736469135.5979245,-2.07583699e-07,zero
1736469137.5984597,-2.36957088e-07,zero
1736469139.598574,-2.46352698e-07,zero
1736469141.5982406,-4.44900091e-07,zero
1736469143.5983453,-4.464646e-07,zero
1736469145.5991957,-6.27543238e-08,zero
1736469147.5993984,-3.01697692e-07,zero
1736469149.5995865,-2.2858619e-07,zero
1736469151.5995944,-2.18274153e-07,zero
1736469153.599786,-7.94604276e-08,zero
1736469155.6000736,-2.06781391e-06,step_filament_voltages
1736469157.5999374,-2.56780097e-07,step_filament_voltages
1736469159.6001167,-1.27882899e-07,step_filament_voltages
1736469161.6004455,-4.2807548e-07,step_filament_voltages
1736469163.6005747,-1.67657111e-07,step_filament_voltages
1736469165.600816,-5.36895391e-08,step_filament_voltages
1736469167.6009955,4.55911301e-08,step_filament_voltages
1736469169.6009614,1.59029292e-08,step_filament_voltages
1736469171.6003425,-2.90465268e-07,step_filament_voltages
1736469173.6013608,1.63542777e-08,step_filament_voltages
1736469175.6015341,1.72634675e-07,step_filament_voltages
1736469177.6017478,-3.18383385e-07,step_filament_voltages
1736469179.601964,-1.39592455e-07,step_filament_voltages
1736469181.6020923,-3.1954344e-07,step_filament_voltages
1736469183.6023667,-3.15082536e-07,step_filament_voltages
1736469185.6024172,3.6034926e-10,step_filament_voltages
1736469187.602613,-2.46609579e-07,step_filament_voltages
1736469189.6027436,-3.79497734e-07,step_filament_voltages
1736469191.6026115,-1.5606818e-07,step_filament_voltages
1736469193.6030948,9.82606056e-09,step_filament_voltages
1736469195.603231,-2.60343114e-07,step_filament_voltages
1736469197.6033497,-7.95837081e-08,step_filament_voltages
1736469199.6033475,-4.7908121e-08,step_filament_voltages
1736469201.603638,-2.08646583e-07,step_filament_voltages
1736469203.6038961,-4.52998541e-07,step_filament_voltages
1736469205.6040094,-1.13464522e-07,step_filament_voltages
1736469207.6040711,-3.25904684e-07,step_filament_voltages
1736469209.6042845,-3.59455239e-07,step_filament_voltages
1736469211.604367,2.04126805e-08,step_filament_voltages
1736469213.6045127,-1.93383425e-07,step_filament_voltages
1736469215.6047642,-4.74491589e-07,step_filament_voltages
1736469217.6048498,-1.36866858e-07,step_filament_voltages
1736469219.6050682,-2.69877473e-07,step_filament_voltages
1736469221.6052163,-1.44250777e-07,step_filament_voltages
1736469223.6054232,-2.36308324e-07,step_filament_voltages
1736469225.6053817,-3.33553224e-09,step_filament_voltages
1736469227.605581,-2.35833043e-07,step_filament_voltages
1736469229.6057713,-3.06733561e-07,step_filament_voltages
1736469231.6059756,-1.5839343e-07,step_filament_voltages
1736469233.606144,-3.4474353e-07,step_filament_voltages
1736469235.6062155,-2.7075366e-07,step_filament_voltages
1736469237.6063945,-4.52344592e-08,step_filament_voltages
1736469239.6063998,-1.78700111e-07,step_filament_voltages
1736469241.6064641,-1.98751212e-07,step_filament_voltages
1736469243.6067543,-2.25183788e-07,step_filament_voltages
1736469245.6069832,-3.46930545e-07,step_filament_voltages
1736469247.6070979,-2.50123211e-07,step_filament_voltages
1736469249.6065614,-3.76615135e-07,step_filament_voltages
1736469251.6073344,-2.18384968e-07,step_filament_voltages
1736469253.6074593,-1.07986518e-07,step_filament_voltages
1736469255.607576,-4.1105014e-07,step_filament_voltages
1736469257.607758,-2.16400012e-08,step_filament_voltages
1736469259.6079485,-4.2364021e-07,step_filament_voltages
1736469261.608207,-1.75670154e-07,step_filament_voltages
1736469263.6081088,-5.26644239e-07,step_filament_voltages
1736469265.608407,-7.99275485e-08,step_filament_voltages
1736469267.608529,-2.72238937e-07,step_filament_voltages
1736469269.6088438,-3.99670712e-07,step_filament_voltages
1736469271.6088378,-1.82129913e-07,step_filament_voltages
1736469273.6090794,-1.6669419e-07,step_filament_voltages
1736469275.6091354,-3.33230993e-08,step_filament_voltages
1736469277.6093917,-1.86227681e-07,step_filament_voltages
1736469279.6095245,-3.08229828e-07,step_filament_voltages
1736469281.609706,-1.51173236e-07,step_filament_voltages
1736469283.6098292,-3.2660486e-07,step_filament_voltages
1736469285.610109,-2.13326668e-07,step_filament_voltages
1736469287.6103215,-4.95545653e-07,step_filament_voltages
1736469289.6103048,-4.78483451e-08,step_filament_voltages
1736469291.6104095,-1.7097137e-07,step_filament_voltages
1736469293.6106517,-1.18368531e-07,step_filament_voltages
1736469295.6107748,-4.71998021e-07,step_filament_voltages
1736469297.610937,-5.01630482e-07,step_filament_voltages
1736469299.611113,-1.56583001e-07,step_filament_voltages
1736469301.6112628,-7.17797679e-08,step_filament_voltages
1736469303.6113703,-1.02902492e-07,step_filament_voltages
1736469305.6114063,-3.65509883e-07,step_filament_voltages
1736469307.6117742,6.86402174e-08,step_filament_voltages
1736469309.611783,-8.03691493e-08,step_filament_voltages
1736469311.6121178,-3.48073292e-08,step_filament_voltages
1736469313.6122625,-1.33488072e-07,step_filament_voltages
1736469315.6124218,-2.79434072e-07,step_filament_voltages
1736469317.612511,-3.57359605e-07,step_filament_voltages
1736469319.6127737,-5.06262049e-08,step_filament_voltages
1736469321.6127279,-3.71325096e-07,step_filament_voltages
1736469323.6130614,-1.13854339e-07,step_filament_voltages
1736469325.6131415,-5.23166905e-08,step_filament_voltages
1736469327.6133947,-4.32725412e-07,step_filament_voltages
1736469329.613753,-3.91850307e-07,step_filament_voltages
1736469331.6137314,-2.50000546e-07,step_filament_voltages
1736469333.6139138,2.04584742e-07,step_filament_voltages
1736469335.6141033,-3.40506546e-07,step_filament_voltages
1736469337.6143723,-3.07517127e-07,step_filament_voltages
1736469339.6144984,-9.36989723e-08,step_filament_voltages
1736469341.6146092,-2.05690922e-08,step_filament_voltages
1736469343.6145961,-4.37746514e-07,step_filament_voltages
1736469345.614984,-2.61924631e-07,step_filament_voltages
1736469347.6150832,-1.61631525e-07,step_filament_voltages
1736469349.6152866,-2.92248745e-07,step_filament_voltages
1736469351.6153698,-1.48358706e-07,step_filament_voltages
1736469353.6154358,-3.96581161e-08,step_filament_voltages
1736469355.6157548,-2.10429002e-07,step_filament_voltages
1736469357.615836,-1.11411454e-08,step_filament_voltages
1736469359.615706,-1.9758799e-07,step_filament_voltages
1736469361.6161792,-3.36716662e-07,step_filament_voltages
1736469363.6162767,-5.66820487e-08,step_filament_voltages
1736469365.6162477,-1.706618e-08,step_filament_voltages
1736469367.616547,-2.86707011e-07,step_filament_voltages
1736469369.6167443,-1.51028381e-07,step_filament_voltages
1736469371.6170328,-2.25448282e-07,step_filament_voltages
1736469373.6171315,-4.82200801e-07,step_filament_voltages
1736469375.61725,-1.44251622e-07,step_filament_voltages
1736469377.6173947,-1.33740209e-07,step_filament_voltages
1736469379.6175656,-7.36141325e-08,step_filament_voltages
1736469381.617863,-4.10012462e-07,step_filament_voltages
1736469383.617868,-3.34217679e-07,step_filament_voltages
1736469385.61813,-3.96905932e-09,step_filament_voltages
1736469387.618272,-1.26670227e-07,step_filament_voltages
1736469389.618446,-2.47366513e-07,step_filament_voltages
1736469391.6187506,-1.92308465e-07,step_filament_voltages
1736469393.6186988,-4.54505865e-07,step_filament_voltages
1736469395.6189394,-4.94767959e-07,step_filament_voltages
1736469397.6191084,-1.73670538e-07,step_filament_voltages
1736469399.619276,7.6898157e-09,step_filament_voltages
1736469401.6192203,-3.65901379e-07,step_filament_voltages
1736469403.6195333,-2.13954697e-07,step_filament_voltages
1736469405.6197314,-9.158846e-08,step_filament_voltages
1736469407.620041,-1.60047812e-07,step_filament_voltages
1736469409.6200812,-4.63856821e-07,step_filament_voltages
1736469411.6202438,-3.32781708e-07,step_filament_voltages
1736469413.6203465,-4.31490395e-07,step_filament_voltages
1736469415.6205559,-8.96217941e-08,step_filament_voltages
1736469417.6208265,-4.35749229e-07,step_filament_voltages
1736469419.6208913,-3.15606547e-07,step_filament_voltages
1736469421.6211634,-9.712261e-08,step_filament_voltages
1736469423.6213605,-4.1734959e-07,step_filament_voltages
1736469425.6213496,-1.34723447e-07,step_filament_voltages
1736469427.6214375,-3.09622415e-07,step_filament_voltages
1736469429.6217685,-3.89305445e-07,step_filament_voltages
1736469431.6218524,-1.69022815e-07,step_filament_voltages
1736469433.6221166,-8.55086691e-08,step_filament_voltages
1736469435.6222649,-1.69852702e-07,step_filament_voltages
1736469437.622381,-2.07769821e-07,step_filament_voltages
1736469439.6220844,-5.9871507e-08,step_filament_voltages
1736469441.6227539,-3.99179452e-07,step_filament_voltages
1736469443.6229465,-1.09433545e-07,step_filament_voltages
1736469445.6231139,-4.82693316e-07,step_filament_voltages
1736469447.6230028,-2.4709792e-07,step_filament_voltages
1736469449.623543,-2.7929645e-07,step_filament_voltages
1736469451.6234045,3.4658839e-09,step_filament_voltages
1736469453.6236043,-1.90354117e-07,step_filament_voltages
1736469455.6237612,-1.90289545e-07,step_filament_voltages
1736469457.623983,-3.76157691e-07,step_filament_voltages
1736469459.6242583,4.31480298e-08,step_filament_voltages
1736469461.6241965,-3.42699576e-07,step_filament_voltages
1736469463.624388,-4.37320692e-07,step_filament_voltages
1736469465.6244502,-4.72425893e-07,step_filament_voltages
1736469467.6246092,-1.96116219e-07,step_filament_voltages
1736469469.6249733,-2.41574401e-07,step_filament_voltages
1736469471.625116,-1.02582929e-07,step_filament_voltages
1736469473.6252553,-4.45674935e-07,step_filament_voltages
1736469475.625363,-4.21858446e-07,step_filament_voltages
1736469477.6254134,-4.59246029e-07,step_filament_voltages
1736469479.6257298,-5.66098314e-07,step_filament_voltages
1736469481.6259344,-1.40659821e-07,step_filament_voltages
1736469483.6260958,-6.15946105e-07,step_filament_voltages
1736469485.6262686,-3.45029949e-07,step_filament_voltages
1736469487.6262646,-3.45088259e-07,step_filament_voltages
1736469489.626425,-3.14881876e-07,step_filament_voltages
1736469491.6267672,-2.30981711e-07,step_filament_voltages
1736469493.626951,-4.24528078e-07,step_filament_voltages
1736469495.6271398,-1.92694527e-07,step_filament_voltages
1736469497.6272867,-6.47851269e-07,step_filament_voltages
1736469499.6274264,-4.8158127e-07,step_filament_voltages
1736469501.627559,-2.8035135e-07,step_filament_voltages
1736469503.6277883,-5.59007283e-07,step_filament_voltages
1736469505.6280038,-3.22191605e-07,step_filament_voltages
1736469507.6279552,-2.24011404e-07,step_filament_voltages
1736469509.6280985,-3.62742502e-07,step_filament_voltages
1736469511.6283383,-7.20720949e-07,step_filament_voltages
1736469513.6286051,-4.12768677e-07,step_filament_voltages
1736469515.6289957,-2.44183873e-07,step_filament_voltages
1736469517.6287265,-2.91173971e-07,step_filament_voltages
1736469519.6291182,-6.53610898e-07,step_filament_voltages
1736469521.6292562,-4.65374906e-07,step_filament_voltages
1736469523.6294363,-4.62276583e-07,step_filament_voltages
1736469525.6295795,-2.63785276e-07,step_filament_voltages
1736469527.6297364,-5.00100725e-07,step_filament_voltages
1736469529.6297889,-5.78090756e-07,step_filament_voltages
1736469531.6301377,-5.32972504e-07,step_filament_voltages
1736469533.630077,-5.14111771e-07,step_filament_voltages
1736469535.6303847,-2.64134945e-07,step_filament_voltages
1736469537.6303205,-5.04341664e-07,step_filament_voltages
1736469539.630799,-9.16029007e-07,step_filament_voltages
1736469541.6310034,-5.1383922e-07,step_filament_voltages
1736469543.631117,-5.30131885e-07,step_filament_voltages
1736469545.631021,-7.38743887e-07,step_filament_voltages
1736469547.631428,-6.40026917e-07,step_filament_voltages
1736469549.6315057,-8.46423719e-07,step_filament_voltages
1736469551.6315546,-5.44446752e-07,step_filament_voltages
1736469553.6319208,-6.46695692e-07,step_filament_voltages
1736469555.6322196,-5.58981676e-07,step_filament_voltages
1736469557.6323497,-9.50604275e-07,step_filament_voltages
1736469559.6325057,-9.21841256e-07,step_filament_voltages
1736469561.6327174,-8.37373589e-07,step_filament_voltages
1736469563.6327145,-4.01289095e-07,step_filament_voltages
1736469565.633057,-5.87242586e-07,step_filament_voltages
1736469567.6330538,-6.26602717e-07,step_filament_voltages
1736469569.6334157,-3.89818374e-07,step_filament_voltages
1736469571.6333246,-5.6463377e-07,step_filament_voltages
1736469573.6336458,-6.62021981e-07,step_filament_voltages
1736469575.633767,-6.47531931e-07,step_filament_voltages
1736469577.6339612,-7.60955773e-07,step_filament_voltages
1736469579.6341677,-1.11874669e-06,step_filament_voltages
1736469581.6342552,-1.0956555e-06,step_filament_voltages
1736469583.6344063,-1.02979062e-06,step_filament_voltages
1736469585.6344342,-1.02204206e-06,step_filament_voltages
1736469587.6347246,-8.88180488e-07,step_filament_voltages
1736469589.6348193,-7.79437239e-07,step_filament_voltages
1736469591.6350722,-1.11181806e-06,step_filament_voltages
1736469593.6352098,-8.31235113e-07,step_filament_voltages
1736469595.6353598,-7.39542922e-07,step_filament_voltages
1736469597.6353862,-1.37657951e-06,step_filament_voltages
1736469599.6355247,-1.25807722e-06,step_filament_voltages
1736469601.6358151,-1.33610601e-06,step_filament_voltages
1736469603.6358666,-1.34714517e-06,step_filament_voltages
1736469605.6361234,-1.23359759e-06,step_filament_voltages
1736469607.6362305,-1.03873512e-06,step_filament_voltages
1736469609.63643,-1.07611984e-06,step_filament_voltages
1736469611.6366043,-1.3524289e-06,step_filament_voltages
1736469613.6367793,-1.37282445e-06,step_filament_voltages
1736469615.6368573,-1.28880508e-06,step_filament_voltages
1736469617.6370459,-1.68960739e-06,step_filament_voltages
1736469619.6373158,-1.6644776e-06,step_filament_voltages
1736469621.6374955,-1.59458486e-06,step_filament_voltages
1736469623.6375043,-1.8263779e-06,step_filament_voltages
1736469625.6377163,-1.47632019e-06,step_filament_voltages
1736469627.637927,-1.60421194e-06,step_filament_voltages
1736469629.6378317,-1.42021661e-06,step_filament_voltages
1736469631.6381757,-1.52780957e-06,step_filament_voltages
1736469633.638266,-1.55610124e-06,step_filament_voltages
1736469635.6384282,-1.79371358e-06,step_filament_voltages
1736469637.6385255,-2.3446503e-06,step_filament_voltages
1736469639.6386454,-2.15737727e-06,step_filament_voltages
1736469641.6388025,-2.44266169e-06,step_filament_voltages
1736469643.6390696,-2.27093696e-06,step_filament_voltages
1736469645.639268,-2.30540999e-06,step_filament_voltages
1736469647.6393867,-2.25014474e-06,step_filament_voltages
1736469649.6395102,-2.30829618e-06,step_filament_voltages
1736469651.639726,-2.16920701e-06,step_filament_voltages
1736469653.6399145,-1.78415748e-06,step_filament_voltages
1736469655.6400492,-2.58944426e-06,step_filament_voltages
1736469657.6402414,-2.80912315e-06,step_filament_voltages
1736469659.6404052,-2.81002466e-06,step_filament_voltages
1736469661.6405735,-3.32491522e-06,step_filament_voltages
1736469663.640627,-2.87792576e-06,step_filament_voltages
1736469665.6408987,-2.91968296e-06,step_filament_voltages
1736469667.6410248,-2.96811365e-06,step_filament_voltages
1736469669.6413038,-3.18856122e-06,step_filament_voltages
1736469671.641477,-2.87586131e-06,step_filament_voltages
1736469673.6415205,-2.93076918e-06,step_filament_voltages
1736469675.6416473,-3.0515969e-06,step_filament_voltages
1736469677.6418297,-4.04356156e-06,step_filament_voltages
1736469679.641842,-3.80164322e-06,step_filament_voltages
1736469681.6421528,-3.90928995e-06,step_filament_voltages
1736469683.6422775,-4.15340784e-06,step_filament_voltages
1736469685.6424072,-3.86535797e-06,step_filament_voltages
1736469687.642508,-3.73665635e-06,step_filament_voltages
1736469689.6427422,-3.79059167e-06,step_filament_voltages
1736469691.6427913,-3.70018656e-06,step_filament_voltages
1736469693.6430204,-3.92314556e-06,step_filament_voltages
1736469695.6431904,-3.55610044e-06,step_filament_voltages
1736469697.6432812,-5.40484683e-06,step_filament_voltages
1736469699.6435587,-5.16509445e-06,step_filament_voltages
1736469701.643622,-5.47398523e-06,step_filament_voltages
1736469703.6437752,-5.15890468e-06,step_filament_voltages
1736469705.6439965,-4.8958884e-06,step_filament_voltages
1736469707.644025,-5.27508084e-06,step_filament_voltages
1736469709.6442826,-5.37967013e-06,step_filament_voltages
1736469711.6445284,-5.15368615e-06,step_filament_voltages
1736469713.6447208,-5.30187606e-06,step_filament_voltages
1736469715.6448388,-5.38241172e-06,step_filament_voltages
1736469717.6451247,-6.84084033e-06,step_filament_voltages
1736469719.6452677,-7.29346645e-06,step_filament_voltages
1736469721.6454105,-7.09771985e-06,step_filament_voltages
1736469723.6455252,-6.58259972e-06,step_filament_voltages
1736469725.645754,-6.61981836e-06,step_filament_voltages
1736469727.6459284,-7.10817722e-06,step_filament_voltages
1736469729.6460526,-7.01797995e-06,step_filament_voltages
1736469731.6462562,-6.82265027e-06,step_filament_voltages
1736469733.6463764,-6.9131818e-06,step_filament_voltages
1736469735.6463153,-7.49127265e-06,step_filament_voltages
1736469737.6467543,-9.09143094e-06,step_filament_voltages
1736469739.646857,-8.90739551e-06,step_filament_voltages
1736469741.6471858,-9.28256783e-06,step_filament_voltages
1736469743.6472368,-9.08591526e-06,step_filament_voltages
1736469745.646999,-9.18925741e-06,step_filament_voltages
1736469747.6474512,-9.00289674e-06,step_filament_voltages
1736469749.6477928,-8.98207867e-06,step_filament_voltages
1736469751.6480312,-9.07290772e-06,step_filament_voltages
1736469753.6482987,-9.20739549e-06,step_filament_voltages
1736469755.648317,-9.67612909e-06,step_filament_voltages
1736469757.6483862,-1.1972375e-05,step_filament_voltages
1736469759.6486332,-1.17991959e-05,step_filament_voltages
1736469761.648969,-1.17905739e-05,step_filament_voltages
1736469763.6488867,-1.18873459e-05,step_filament_voltages
1736469765.6492274,-1.20697059e-05,step_filament_voltages
1736469767.6493134,-1.19834548e-05,step_filament_voltages
1736469769.6494246,-1.20985106e-05,step_filament_voltages
1736469771.6496103,-1.19311963e-05,step_filament_voltages
1736469773.6497765,-1.18822285e-05,step_filament_voltages
1736469775.6499567,-1.26298177e-05,step_filament_voltages
1736469777.650174,-1.57566612e-05,step_filament_voltages
1736469779.650304,-1.52986203e-05,step_filament_voltages
1736469781.650346,-1.5532022e-05,step_filament_voltages
1736469783.650544,-1.5686511e-05,step_filament_voltages
1736469785.650778,-1.57512236e-05,step_filament_voltages
1736469787.650993,-1.53514641e-05,step_filament_voltages
1736469789.6512759,-1.548469e-05,step_filament_voltages
1736469791.6513305,-1.5882301e-05,step_filament_voltages
1736469793.6514995,-1.53542103e-05,step_filament_voltages
1736469795.6516237,-1.64169647e-05,step_filament_voltages
1736469797.6517243,-2.01595039e-05,step_filament_voltages
1736469799.6519563,-2.02534946e-05,step_filament_voltages
1736469801.6522055,-2.02946649e-05,step_filament_voltages
1736469803.6523094,-2.01572951e-05,step_filament_voltages
1736469805.652412,-2.02561032e-05,step_filament_voltages
1736469807.652604,-2.01917499e-05,step_filament_voltages
1736469809.6527503,-2.03065162e-05,step_filament_voltages
1736469811.652946,-2.02495904e-05,step_filament_voltages
1736469813.6529274,-2.04735868e-05,step_filament_voltages
1736469815.653132,-2.12213129e-05,step_filament_voltages
1736469817.6534545,-2.61807402e-05,step_filament_voltages
1736469819.6535854,-2.61703499e-05,step_filament_voltages
1736469821.6538072,-2.59578495e-05,step_filament_voltages
1736469823.654055,-2.62217497e-05,step_filament_voltages
1736469825.654262,-2.62189385e-05,step_filament_voltages
1736469827.654367,-2.62676845e-05,step_filament_voltages
1736469829.6543798,-2.64036381e-05,step_filament_voltages
1736469831.6544015,-2.60523928e-05,step_filament_voltages
1736469833.6547196,-2.6169225e-05,step_filament_voltages
1736469835.6548615,-2.76255742e-05,step_filament_voltages
1736469837.6550345,-3.40263248e-05,step_filament_voltages
1736469839.6552267,-3.3590965e-05,step_filament_voltages
1736469841.6553884,-3.3584494e-05,step_filament_voltages
1736469843.6554003,-3.37750112e-05,step_filament_voltages
1736469845.6553383,-3.35223341e-05,step_filament_voltages
1736469847.6558542,-3.39878625e-05,step_filament_voltages
1736469849.6559608,-3.34994208e-05,step_filament_voltages
1736469851.6561651,-3.3720273e-05,step_filament_voltages
1736469853.6563275,-3.37440011e-05,step_filament_voltages
1736469855.6563973,-3.49698176e-05,step_filament_voltages
1736469857.6567006,-4.32117697e-05,step_filament_voltages
1736469859.656767,-4.29544869e-05,step_filament_voltages
1736469861.656961,-4.31153472e-05,step_filament_voltages
1736469863.657186,-4.30926073e-05,step_filament_voltages
1736469865.65734,-4.26970725e-05,step_filament_voltages
1736469867.6567783,-4.31309371e-05,step_filament_voltages
1736469869.6576078,-4.30631178e-05,step_filament_voltages
1736469871.6577706,-4.3190675e-05,step_filament_voltages
1736469873.657919,-4.31228734e-05,step_filament_voltages
1736469875.6582112,-4.2931797e-05,step_filament_voltages
1736469877.6583345,-5.45932585e-05,step_filament_voltages
1736469879.658433,-5.47406395e-05,step_filament_voltages
1736469881.6584544,-5.45691478e-05,step_filament_voltages
1736469883.6588342,-5.44557524e-05,step_filament_voltages
1736469885.658915,-5.46290798e-05,step_filament_voltages
1736469887.6588302,-5.45180686e-05,step_filament_voltages
1736469889.6589818,-5.46825565e-05,step_filament_voltages
1736469891.6594055,-5.43548991e-05,step_filament_voltages
1736469893.6595752,-5.47229243e-05,step_filament_voltages
1736469895.659591,-5.78907178e-05,step_filament_voltages
1736469897.6598284,-6.92705723e-05,step_filament_voltages
1736469899.6598837,-6.90276408e-05,step_filament_voltages
1736469901.6602995,-6.89703423e-05,step_filament_voltages
1736469903.6603773,-6.92391783e-05,step_filament_voltages
1736469905.6605115,-6.89613117e-05,step_filament_voltages
1736469907.6607382,-6.90491541e-05,step_filament_voltages
1736469909.6609597,-6.89055621e-05,step_filament_voltages
1736469911.661263,-6.87676538e-05,step_filament_voltages
1736469913.6612482,-6.92798178e-05,step_filament_voltages
1736469915.6612754,-7.03004858e-05,step_filament_voltages
1736469917.6615148,-8.70899639e-05,step_filament_voltages
1736469919.6616337,-8.73015406e-05,step_filament_voltages
1736469921.6617868,-8.70694031e-05,step_filament_voltages
1736469923.6620438,-8.70278861e-05,step_filament_voltages
1736469925.6619985,-8.72589037e-05,step_filament_voltages
1736469927.6623538,-8.68359007e-05,step_filament_voltages
1736469929.662411,-8.70024696e-05,step_filament_voltages
1736469931.6625261,-8.68771225e-05,step_filament_voltages
1736469933.662793,-8.69988523e-05,step_filament_voltages
1736469935.663016,-8.95691171e-05,step_filament_voltages
1736469937.6632862,-0.000109189187,step_filament_voltages
1736469939.663336,-0.000109076698,step_filament_voltages
1736469941.6634588,-0.000109227484,step_filament_voltages
1736469943.6636202,-0.000109052593,step_filament_voltages
1736469945.6636367,-0.000108916595,step_filament_voltages
1736469947.6639287,-0.000109053942,step_filament_voltages
1736469949.6639638,-0.000109216773,step_filament_voltages
1736469951.6642272,-0.000108806717,step_filament_voltages
1736469953.6643069,-0.000108925651,step_filament_voltages
1736469955.6645684,-0.000109605078,step_filament_voltages
1736469957.6647632,-0.000136432501,step_filament_voltages
1736469959.6649323,-0.000136370419,step_filament_voltages
1736469961.6651464,-0.000136349946,step_filament_voltages
1736469963.6653225,-0.000136411327,step_filament_voltages
1736469965.6655145,-0.000136103525,step_filament_voltages
1736469967.6656017,-0.000136112497,step_filament_voltages
1736469969.6657827,-0.000136039097,step_filament_voltages
1736469971.6660392,-0.000136433015,step_filament_voltages
1736469973.6662567,-0.000136049269,step_filament_voltages
1736469975.666364,-0.000137139997,step_filament_voltages
1736469977.6664147,-0.00016994403,step_filament_voltages
1736469979.6667511,-0.000169536376,step_filament_voltages
1736469981.6669242,-0.000169440786,step_filament_voltages
1736469983.667047,-0.0001695399,step_filament_voltages
1736469985.6673455,-0.000169814263,step_filament_voltages
1736469987.6674123,-0.000169492811,step_filament_voltages
1736469989.6675472,-0.000169202077,step_filament_voltages
1736469991.667744,-0.000169381477,step_filament_voltages
1736469993.6680925,-0.000169466856,step_filament_voltages
1736469995.668032,-0.000171364972,step_filament_voltages
1736469997.6682546,-0.000210515503,step_filament_voltages
1736469999.6683826,-0.00021012385,step_filament_voltages
1736470001.6687787,-0.000210194458,step_filament_voltages
1736470003.6688735,-0.000209770477,step_filament_voltages
1736470005.6691625,-0.000209991733,step_filament_voltages
1736470007.669238,-0.000209944752,step_filament_voltages
1736470009.6693578,-0.000209875074,step_filament_voltages
1736470011.669539,-0.000209869938,step_filament_voltages
1736470013.6697974,-0.000209852912,step_filament_voltages
1736470015.669812,-0.00021042437,step_filament_voltages
1736470017.670084,-0.000259450526,step_filament_voltages
1736470019.6702354,-0.000259107493,step_filament_voltages
1736470021.67032,-0.000258912909,step_filament_voltages
1736470023.6702838,-0.00025898836,step_filament_voltages
1736470025.670642,-0.000258785668,step_filament_voltages
1736470027.6708357,-0.000258476209,step_filament_voltages
1736470029.6710181,-0.00025833988,step_filament_voltages
1736470031.6712763,-0.000258644286,step_filament_voltages
1736470033.6712449,-0.000258645729,step_filament_voltages
1736470035.671385,-0.000260942816,step_filament_voltages
1736470037.67157,-0.000318557967,step_filament_voltages
1736470039.671898,-0.000318420257,step_filament_voltages
1736470041.6719499,-0.000318250588,step_filament_voltages
1736470043.6720088,-0.000318074499,step_filament_voltages
1736470045.671989,-0.000318111165,step_filament_voltages
1736470047.6723156,-0.000317847291,step_filament_voltages
1736470049.6723828,-0.000317750529,step_filament_voltages
1736470051.6726956,-0.000317623043,step_filament_voltages
1736470053.6728137,-0.000317606257,step_filament_voltages
1736470055.6728127,-0.000323461063,step_filament_voltages
1736470057.6731443,-0.000389879132,step_filament_voltages
1736470059.6733086,-0.000389515881,step_filament_voltages
1736470061.6734178,-0.000389216737,step_filament_voltages
1736470063.6735272,-0.000389364789,step_filament_voltages
1736470065.6736922,-0.000389067083,step_filament_voltages
1736470067.6738265,-0.000389059058,step_filament_voltages
1736470069.6740665,-0.000388703836,step_filament_voltages
1736470071.6742613,-0.000388919466,step_filament_voltages
1736470073.6744215,-0.000388420719,step_filament_voltages
1736470075.6745815,-0.000391696211,step_filament_voltages
1736470077.6747077,-0.000475815991,step_filament_voltages
1736470079.6749575,-0.000475288018,step_filament_voltages
1736470081.6751797,-0.000475158206,step_filament_voltages
1736470083.6750593,-0.000475003297,step_filament_voltages
1736470085.6753812,-0.000474410909,step_filament_voltages
1736470087.6753857,-0.000475026942,step_filament_voltages
1736470089.6757715,-0.00047458817,step_filament_voltages
1736470091.6758256,-0.000474361295,step_filament_voltages
1736470093.6760275,-0.000474101054,step_filament_voltages
1736470095.6760395,-0.000477978462,step_filament_voltages
1736470097.6763775,-0.000578365803,step_filament_voltages
1736470099.6766346,-0.000577976308,step_filament_voltages
1736470101.6763701,-0.000577816983,step_filament_voltages
1736470103.67626,-0.000577459408,step_filament_voltages
1736470105.6766427,-0.000577375321,step_filament_voltages
1736470107.6770816,-0.000577176088,step_filament_voltages
1736470109.677059,-0.000577142404,step_filament_voltages
1736470111.677354,-0.000576685861,step_filament_voltages
1736470113.6774926,-0.000576794962,step_filament_voltages
1736470115.677597,-0.000577375614,step_filament_voltages
1736470117.6776114,-0.000702194396,step_filament_voltages
1736470119.6781127,-0.000701238999,step_filament_voltages
1736470121.6783268,-0.00070126153,step_filament_voltages
1736470123.6783671,-0.000700777017,step_filament_voltages
1736470125.6783917,-0.000700413122,step_filament_voltages
1736470127.678778,-0.000700259064,step_filament_voltages
1736470129.678958,-0.000700073445,step_filament_voltages
1736470131.6791613,-0.000699795836,step_filament_voltages
1736470133.6793606,-0.000699440087,step_filament_voltages
1736470135.6793761,-0.000702187706,step_filament_voltages
1736470137.6793785,-0.000847418792,step_filament_voltages
1736470139.6797447,-0.000847074333,step_filament_voltages
1736470141.6799877,-0.00084676078,step_filament_voltages
1736470143.6799242,-0.000846275057,step_filament_voltages
1736470145.6804125,-0.00084569642,step_filament_voltages
1736470147.6808374,-0.000845540558,step_filament_voltages
1736470149.6807225,-0.000845506728,step_filament_voltages
1736470151.6806386,-0.000845182923,step_filament_voltages
1736470153.6810343,-0.00084481825,step_filament_voltages
1736470155.6813805,-0.000854076291,step_filament_voltages
1736470157.6814413,-0.00102050367,step_filament_voltages
1736470159.6815207,-0.00101960922,step_filament_voltages
1736470161.6819565,-0.00101936672,step_filament_voltages
1736470163.6821046,-0.00101893079,step_filament_voltages
1736470165.6822977,-0.00101851685,step_filament_voltages
1736470167.6823893,-0.00101792851,step_filament_voltages
1736470169.6824172,-0.00101777281,step_filament_voltages
1736470171.6828296,-0.0010176351,step_filament_voltages
1736470173.6830475,-0.00101707625,step_filament_voltages
1736470175.6832523,-0.00102067303,step_filament_voltages
1736470177.6834416,-0.00122435656,step_filament_voltages
1736470179.6834965,-0.00122329645,step_filament_voltages
1736470181.683749,-0.00122304539,step_filament_voltages
1736470183.6839254,-0.00122198212,step_filament_voltages
1736470185.6839898,-0.0012216766,step_filament_voltages
1736470187.6843429,-0.00122170363,step_filament_voltages
1736470189.684271,-0.00122104167,step_filament_voltages
1736470191.685241,-0.00122069926,step_filament_voltages
1736470193.684434,-0.0012202395,step_filament_voltages
1736470195.684754,-0.00122476056,step_filament_voltages
1736470197.6849325,-0.00146313145,step_filament_voltages
1736470199.6851573,-0.00146161112,step_filament_voltages
1736470201.6848288,-0.00146090539,step_filament_voltages
1736470203.6850748,-0.00146044732,step_filament_voltages
1736470205.6854477,-0.00145981532,step_filament_voltages
1736470207.6854422,-0.00145927157,step_filament_voltages
1736470209.6856363,-0.0014589534,step_filament_voltages
1736470211.6860178,-0.00145818903,step_filament_voltages
1736470213.6862197,-0.00145813421,step_filament_voltages
1736470215.6863122,-0.00146398009,step_filament_voltages
1736470217.686344,-0.00174058651,step_filament_voltages
1736470219.686916,-0.00173950624,step_filament_voltages
1736470221.687129,-0.00173843883,step_filament_voltages
1736470223.6872115,-0.00173786961,step_filament_voltages
1736470225.687378,-0.00173704069,step_filament_voltages
1736470227.687374,-0.00173622657,step_filament_voltages
1736470229.687886,-0.00173560775,step_filament_voltages
1736470231.6881607,-0.00173464198,step_filament_voltages
1736470233.6883779,-0.0017344337,step_filament_voltages
1736470235.688263,-0.00173368851,step_filament_voltages
1736470237.6885548,-0.00206373379,step_filament_voltages
1736470239.6885033,-0.00206254482,step_filament_voltages
1736470241.6890693,-0.00206145407,step_filament_voltages
1736470243.689079,-0.00206067045,step_filament_voltages
1736470245.6892095,-0.00205977076,step_filament_voltages
1736470247.6893392,-0.00205878721,step_filament_voltages
1736470249.689527,-0.00205807971,step_filament_voltages
1736470251.6898475,-0.00205740099,step_filament_voltages
1736470253.6900365,-0.00205650277,step_filament_voltages
1736470255.690101,-0.00205570155,step_filament_voltages
1736470257.6902387,-0.00243175045,step_filament_voltages
1736470259.6904585,-0.00242994057,step_filament_voltages
1736470261.6909063,-0.00242878779,step_filament_voltages
1736470263.6911159,-0.00242830113,step_filament_voltages
1736470265.6913455,-0.00242730533,step_filament_voltages
1736470267.6920536,-0.00242624043,step_filament_voltages
1736470269.690982,-0.0024241168,step_filament_voltages
1736470271.6914942,-0.0024232191,step_filament_voltages
1736470273.6918461,-0.00242261489,step_filament_voltages
1736470275.6921263,-0.00242331382,step_filament_voltages
1736470277.6922855,-0.00284926372,step_filament_voltages
1736470279.6923645,-0.00284722324,step_filament_voltages
1736470281.6924474,-0.00284626706,step_filament_voltages
1736470283.6927009,-0.00284527666,step_filament_voltages
1736470285.6928313,-0.00284460179,step_filament_voltages
1736470287.6931632,-0.00284380327,step_filament_voltages
1736470289.6933105,-0.00284283281,step_filament_voltages
1736470291.6934621,-0.00284167948,step_filament_voltages
1736470293.69354,-0.00284126937,step_filament_voltages
1736470295.6937964,-0.00284016481,step_filament_voltages
1736470297.6934109,-0.00332429594,step_filament_voltages
1736470299.6938262,-0.00332125078,step_filament_voltages
1736470301.694209,-0.00332009731,step_filament_voltages
1736470303.6943903,-0.00331884433,step_filament_voltages
1736470305.6943648,-0.00331756852,step_filament_voltages
1736470307.6947596,-0.00331632745,step_filament_voltages
1736470309.6947477,-0.00331572323,step_filament_voltages
1736470311.6951046,-0.00331468056,step_filament_voltages
1736470313.6953566,-0.00331411812,step_filament_voltages
1736470315.695307,-0.0033131893,step_filament_voltages
1736470317.6956997,-0.00385847756,step_filament_voltages
1736470319.6957076,-0.00385612665,step_filament_voltages
1736470321.6959271,-0.00385450112,step_filament_voltages
1736470323.6961596,-0.00385475528,step_filament_voltages
1736470325.6963844,-0.00385325311,step_filament_voltages
1736470327.6962607,-0.00385252317,step_filament_voltages
1736470329.6966317,-0.00385122789,step_filament_voltages
1736470331.6968327,-0.0038506,step_filament_voltages
1736470333.6969218,-0.00385002769,step_filament_voltages
1736470335.697065,-0.00384967074,step_filament_voltages
1736470337.697278,-0.00445884834,step_filament_voltages
1736470339.6973927,-0.00445649583,step_filament_voltages
1736470341.6975005,-0.00445505514,step_filament_voltages
1736470343.6977353,-0.00445347645,step_filament_voltages
1736470345.6978316,-0.00445264442,step_filament_voltages
1736470347.6980495,-0.00445175014,step_filament_voltages
1736470349.6983364,-0.00445093256,step_filament_voltages
1736470351.698358,-0.00445011104,step_filament_voltages
1736470353.6983972,-0.00444916947,step_filament_voltages
1736470355.6987522,-0.00444852546,step_filament_voltages
1736470357.6986017,-0.00512361509,step_filament_voltages
1736470359.6990225,-0.00512141313,step_filament_voltages
1736470361.6993015,-0.00512026892,step_filament_voltages
1736470363.6992955,-0.00511901636,step_filament_voltages
1736470365.6995413,-0.00511822242,step_filament_voltages
1736470367.6998525,-0.00511755853,step_filament_voltages
1736470369.6998367,-0.00511726453,step_filament_voltages
1736470371.7000983,-0.00511619713,step_filament_voltages
1736470373.7003996,-0.00511540989,step_filament_voltages
1736470375.7003798,-0.00511455345,step_filament_voltages
1736470377.700556,-0.00586191563,step_filament_voltages
1736470379.7007916,-0.00586060304,step_filament_voltages
1736470381.7009192,-0.00585993785,step_filament_voltages
1736470383.7011106,-0.00586038367,step_filament_voltages
1736470385.7011914,-0.00585999455,step_filament_voltages
1736470387.7016304,-0.00585943989,step_filament_voltages
1736470389.7017443,-0.00585965511,step_filament_voltages
1736470391.7019439,-0.00585919802,step_filament_voltages
1736470393.7021143,-0.00585904076,step_filament_voltages
1736470395.702233,-0.00585869564,step_filament_voltages
1736470397.7023692,-0.00666950252,step_filament_voltages
1736470399.7024488,-0.00666824465,step_filament_voltages
1736470401.70264,-0.00666794461,step_filament_voltages
1736470403.702728,-0.006668445,step_filament_voltages
1736470405.7029467,-0.00666775704,step_filament_voltages
1736470407.7032633,-0.00666681212,step_filament_voltages
1736470409.7030823,-0.00666733367,step_filament_voltages
1736470411.7033818,-0.0066671202,step_filament_voltages
1736470413.7033184,-0.00666640502,step_filament_voltages
1736470415.7037342,-0.00666617719,step_filament_voltages
1736470417.7037997,-0.00754070781,step_filament_voltages
1736470419.703977,-0.00753886888,step_filament_voltages
1736470421.7042053,-0.00753860995,step_filament_voltages
1736470423.704391,-0.00753840117,step_filament_voltages
1736470425.7045248,-0.00753896129,step_filament_voltages
1736470427.704794,-0.00753782454,step_filament_voltages
1736470429.704898,-0.00753759982,step_filament_voltages
1736470431.7050395,-0.00753793647,step_filament_voltages
1736470433.7051892,-0.00753771299,step_filament_voltages
1736470435.7053769,-0.0075373827,step_filament_voltages
1736470437.7053835,-0.0084730169,step_filament_voltages
1736470439.705651,-0.00847145416,step_filament_voltages
1736470441.705796,-0.00847198994,step_filament_voltages
1736470443.7060149,-0.00847284669,step_filament_voltages
1736470445.7062438,-0.00847294367,step_filament_voltages
1736470447.7062638,-0.00847393226,step_filament_voltages
1736470449.7063508,-0.00847309598,step_filament_voltages
1736470451.7066197,-0.00847316595,step_filament_voltages
1736470453.706567,-0.00847346607,step_filament_voltages
1736470455.7068584,-0.00847251213,step_filament_voltages
1736470457.707076,-0.00946533975,step_filament_voltages
1736470459.707197,-0.00946353121,step_filament_voltages
1736470461.7075095,-0.00946416275,step_filament_voltages
1736470463.7074444,-0.00946428622,step_filament_voltages
1736470465.7077632,-0.00946506993,step_filament_voltages
1736470467.707951,-0.0094661397,step_filament_voltages
1736470469.7082398,-0.00946709349,step_filament_voltages
1736470471.7083123,-0.00946698027,step_filament_voltages
1736470473.708388,-0.00946851585,step_filament_voltages
1736470475.7087812,-0.00946979955,step_filament_voltages
1736470477.708899,-0.0105048637,step_filament_voltages
1736470479.7091665,-0.0105021696,step_filament_voltages
1736470481.709319,-0.0105025978,step_filament_voltages
1736470483.7093194,-0.0105044744,step_filament_voltages
1736470485.7097878,-0.0105052159,step_filament_voltages
1736470487.7097383,-0.0105072621,step_filament_voltages
1736470489.71017,-0.0105075139,step_filament_voltages
1736470491.7102652,-0.0105091393,step_filament_voltages
1736470493.7105799,-0.0105098739,step_filament_voltages
1736470495.7106225,-0.0105095564,step_filament_voltages
1736470497.7106032,-0.0115731021,step_filament_voltages
1736470499.7110543,-0.011569771,step_filament_voltages
1736470501.7112486,-0.0115737444,step_filament_voltages
1736470503.711324,-0.0115747319,step_filament_voltages
1736470505.7115784,-0.0115769968,step_filament_voltages
1736470507.711768,-0.0115781967,step_filament_voltages
1736470509.7118125,-0.0115804597,step_filament_voltages
1736470511.7121928,-0.0115825946,step_filament_voltages
1736470513.712352,-0.0115849424,step_filament_voltages
1736470515.7125688,-0.0115854915,step_filament_voltages
1736470517.7125754,-0.01265763,step_filament_voltages
1736470519.7125144,-0.0126559347,step_filament_voltages
1736470521.7128522,-0.0126590947,step_filament_voltages
1736470523.7132478,-0.0126630177,step_filament_voltages
1736470525.71331,-0.0126651177,step_filament_voltages
1736470527.7134542,-0.0126680721,step_filament_voltages
1736470529.7135634,-0.0126699681,step_filament_voltages
1736470531.7136118,-0.0126735746,step_filament_voltages
1736470533.7138705,-0.0126746195,step_filament_voltages
1736470535.7137768,-0.0126752083,step_filament_voltages
1736470537.7141104,-0.0137163907,step_filament_voltages
1736470539.714382,-0.013718205,step_filament_voltages
1736470541.7143571,-0.013721956,step_filament_voltages
1736470543.7145162,-0.0137259136,step_filament_voltages
1736470545.7149744,-0.0137302246,step_filament_voltages
1736470547.715101,-0.0137332794,step_filament_voltages
1736470549.7153833,-0.0137359125,step_filament_voltages
1736470551.7152789,-0.0137396671,step_filament_voltages
1736470553.7155712,-0.0137425384,step_filament_voltages
1736470555.7156863,-0.0137452878,step_filament_voltages
1736470557.7159567,-0.0147259603,step_filament_voltages
1736470559.7158504,-0.0147276353,step_filament_voltages
1736470561.7163231,-0.0147324419,step_filament_voltages
1736470563.716309,-0.0147365521,step_filament_voltages
1736470565.7165961,-0.0147409546,step_filament_voltages
1736470567.716741,-0.0147454895,step_filament_voltages
1736470569.716894,-0.0147500078,step_filament_voltages
1736470571.7171092,-0.0147531069,step_filament_voltages
1736470573.717358,-0.0147554504,step_filament_voltages
1736470575.7173991,-0.0147604937,step_filament_voltages
1736470577.7178092,-0.0156536399,step_filament_voltages
1736470579.718002,-0.01565475,step_filament_voltages
1736470581.7180316,-0.0156596854,step_filament_voltages
1736470583.7183104,-0.0156650348,step_filament_voltages
1736470585.7184095,-0.015669269,step_filament_voltages
1736470587.7185342,-0.0156742102,step_filament_voltages
1736470589.7188153,-0.0156776082,step_filament_voltages
1736470591.7185352,-0.0156809637,step_filament_voltages
1736470593.7191684,-0.0156850817,step_filament_voltages
1736470595.7193103,-0.0156887688,step_filament_voltages
1736470597.719049,-0.0164763454,step_filament_voltages
1736470599.7193742,-0.0164789438,step_filament_voltages
1736470601.7197957,-0.0164863336,step_filament_voltages
1736470603.7200089,-0.0164896166,step_filament_voltages
1736470605.7196434,-0.0164943187,step_filament_voltages
1736470607.7202957,-0.0164984047,step_filament_voltages
1736470609.7201471,-0.016501309,step_filament_voltages
1736470611.7205813,-0.016505905,step_filament_voltages
1736470613.720585,-0.016509842,step_filament_voltages
1736470615.7209454,-0.0165129553,step_filament_voltages
1736470617.7211242,-0.0171893115,step_filament_voltages
1736470619.7212284,-0.0171933994,step_filament_voltages
1736470621.7213802,-0.0171969711,step_filament_voltages
1736470623.7215688,-0.0172013995,step_filament_voltages
1736470625.721736,-0.0172054062,step_filament_voltages
1736470627.721871,-0.0172072978,step_filament_voltages
1736470629.722162,-0.0172108639,step_filament_voltages
1736470631.7222607,-0.0172154318,step_filament_voltages
1736470633.7223437,-0.0172192523,step_filament_voltages
1736470635.7224128,-0.0172217275,step_filament_voltages
1736470637.7227,-0.0178021301,step_filament_voltages
1736470639.7224154,-0.0178046225,step_filament_voltages
1736470641.7229793,-0.0178091705,step_filament_voltages
1736470643.7233655,-0.017812697,step_filament_voltages
1736470645.723393,-0.0178152221,step_filament_voltages
1736470647.723388,-0.0178204265,step_filament_voltages
1736470649.7239063,-0.0178216896,step_filament_voltages
1736470651.7241228,-0.0178258237,step_filament_voltages
1736470653.7240043,-0.0178283347,step_filament_voltages
1736470655.7242708,-0.01782924,step_filament_voltages
1736470657.724197,-0.0183399359,step_filament_voltages
1736470659.7242715,-0.0183429743,step_filament_voltages
1736470661.7248156,-0.0183450905,step_filament_voltages
1736470663.72505,-0.0183473111,step_filament_voltages
1736470665.7250197,-0.0183522789,step_filament_voltages
1736470667.7253144,-0.0183532607,step_filament_voltages
1736470669.725385,-0.0183564873,step_filament_voltages
1736470671.7257147,-0.0183575205,step_filament_voltages
1736470673.7259464,-0.0183596665,step_filament_voltages
1736470675.7260745,-0.0183612771,step_filament_voltages
1736470677.7262886,-0.0187898867,step_filament_voltages
1736470679.7264647,-0.0187903764,step_filament_voltages
1736470681.726505,-0.0187926469,step_filament_voltages
1736470683.7267497,-0.0187942715,step_filament_voltages
1736470685.7267194,-0.0187952158,step_filament_voltages
1736470687.7267985,-0.0187968914,step_filament_voltages
1736470689.7269392,-0.0187987405,step_filament_voltages
1736470691.727231,-0.0187999724,step_filament_voltages
1736470693.7272882,-0.0188024402,step_filament_voltages
1736470695.7275717,-0.018802,step_filament_voltages
1736470697.7277427,-0.0191606319,step_filament_voltages
1736470699.7277813,-0.0191617849,step_filament_voltages
1736470701.7280824,-0.0191634799,step_filament_voltages
1736470703.7283747,-0.019164765,step_filament_voltages
1736470705.7279723,-0.0191654612,step_filament_voltages
1736470707.7285745,-0.0191661231,step_filament_voltages
1736470709.728752,-0.0191665532,step_filament_voltages
1736470711.7290459,-0.0191665073,step_filament_voltages
1736470713.729303,-0.0191691854,step_filament_voltages
1736470715.729295,-0.0191698064,step_filament_voltages
1736470717.7294014,-0.0195389984,step_filament_voltages
1736470719.7293828,-0.0195415582,step_filament_voltages
1736470721.7293732,-0.0195436718,step_filament_voltages
1736470723.7298758,-0.0195448262,step_filament_voltages
1736470725.729971,-0.0195464913,step_filament_voltages
1736470727.7301161,-0.0195470693,step_filament_voltages
1736470729.7304578,-0.0195473411,step_filament_voltages
1736470731.730573,-0.0195487994,step_filament_voltages
1736470733.7308135,-0.019550246,step_filament_voltages
1736470735.7315414,-0.0195503017,step_filament_voltages
1736470737.731996,-0.0199503685,step_filament_voltages
1736470739.7321184,-0.0199531575,step_filament_voltages
1736470741.7321641,-0.0199546926,step_filament_voltages
1736470743.7323542,-0.0199559781,step_filament_voltages
1736470745.7325215,-0.0199572961,step_filament_voltages
1736470747.7329252,-0.0199590448,step_filament_voltages
1736470749.7328367,-0.019961044,step_filament_voltages
1736470751.7332196,-0.0199611411,step_filament_voltages
1736470753.7334185,-0.0199614068,step_filament_voltages
1736470755.7330463,-0.0199635206,step_filament_voltages
1736470757.7336268,-0.0203697121,step_filament_voltages
1736470759.735296,-0.0203718729,step_filament_voltages
1736470761.7353754,-0.0203744217,step_filament_voltages
1736470763.7358177,-0.0203750712,step_filament_voltages
1736470765.7360077,-0.0203784548,step_filament_voltages
1736470767.7362761,-0.0203787376,step_filament_voltages
1736470769.73616,-0.0203791861,step_filament_voltages
1736470771.7364135,-0.0203818017,step_filament_voltages
1736470773.7362669,-0.0203813715,step_filament_voltages
1736470775.7368202,-0.0203829051,step_filament_voltages
1736470777.7369342,-0.0207906471,step_filament_voltages
1736470779.7371113,-0.0207928821,step_filament_voltages
1736470781.7372355,-0.0207909074,step_filament_voltages
1736470783.73722,-0.0207934134,step_filament_voltages
1736470785.7375262,-0.0207981432,step_filament_voltages
1736470787.7377563,-0.0207991298,step_filament_voltages
1736470789.737922,-0.0208009807,step_filament_voltages
1736470791.7379773,-0.0208007062,step_filament_voltages
1736470793.7382493,-0.0208028138,step_filament_voltages
1736470795.738205,-0.0208027671,step_filament_voltages
1736470797.7385862,-0.0211986506,step_filament_voltages
1736470799.7386322,-0.021202529,step_filament_voltages
1736470801.7389317,-0.0212046961,step_filament_voltages
1736470803.7389443,-0.0212074074,step_filament_voltages
1736470805.7391567,-0.0212088238,step_filament_voltages
1736470807.7389264,-0.0212095149,step_filament_voltages
1736470809.7395175,-0.0212114032,step_filament_voltages
1736470811.7392876,-0.0212131533,step_filament_voltages
1736470813.7395053,-0.0212138689,step_filament_voltages
1736470815.7394197,-0.0212159228,step_filament_voltages
1736470817.7396255,-0.0216041934,step_filament_voltages
1736470819.74024,-0.0216065668,step_filament_voltages
1736470821.7403712,-0.0216095063,step_filament_voltages
1736470823.7404108,-0.0216103773,step_filament_voltages
1736470825.74077,-0.0216119575,step_filament_voltages
1736470827.740884,-0.0216139822,step_filament_voltages
1736470829.7407095,-0.0216136488,step_filament_voltages
1736470831.741267,-0.0216158963,step_filament_voltages
1736470833.7413843,-0.0216173772,step_filament_voltages
1736470835.7414162,-0.0216172301,step_filament_voltages
1736470837.7415733,-0.0220070365,step_filament_voltages
1736470839.7415483,-0.0220099064,step_filament_voltages
1736470841.7418528,-0.0220117226,step_filament_voltages
1736470843.741959,-0.0220142055,step_filament_voltages
1736470845.742222,-0.0220160605,step_filament_voltages
1736470847.7421634,-0.0220174811,step_filament_voltages
1736470849.7422903,-0.0220188259,step_filament_voltages
1736470851.7423995,-0.0220200037,step_filament_voltages
1736470853.742761,-0.0220200035,step_filament_voltages
1736470855.7427347,-0.0220219627,step_filament_voltages
1736470857.7424862,-0.0224088498,step_filament_voltages
1736470859.743259,-0.0224113981,step_filament_voltages
1736470861.7432148,-0.0224119183,step_filament_voltages
1736470863.7431695,-0.0224153642,step_filament_voltages
1736470865.7435439,-0.0224167757,step_filament_voltages
1736470867.7438955,-0.0224185518,step_filament_voltages
1736470869.7441084,-0.0224190939,step_filament_voltages
1736470871.7441952,-0.0224197599,step_filament_voltages
1736470873.7440739,-0.0224213401,step_filament_voltages
1736470875.7447665,-0.0224234845,step_filament_voltages
1736470877.7444718,-0.0228004185,step_filament_voltages
1736470879.7450607,-0.0228025701,step_filament_voltages
1736470881.745066,-0.0228045797,step_filament_voltages
1736470883.745389,-0.0228082797,step_filament_voltages
1736470885.7453403,-0.0228073624,step_filament_voltages
1736470887.7457447,-0.0228109414,step_filament_voltages
1736470889.745862,-0.0228145258,step_filament_voltages
1736470891.7461371,-0.0228138669,step_filament_voltages
1736470893.746381,-0.0228148349,step_filament_voltages
1736470895.7465003,-0.022816159,step_filament_voltages
1736470897.746555,-0.0231846549,step_filament_voltages
1736470899.7460392,-0.0231902518,step_filament_voltages
1736470901.7465322,-0.0231927657,step_filament_voltages
1736470903.7471905,-0.0231941896,step_filament_voltages
1736470905.7471476,-0.0231971548,step_filament_voltages
1736470907.7471135,-0.0231963983,step_filament_voltages
1736470909.747369,-0.0231953407,step_filament_voltages
1736470911.7471738,-0.0231968595,step_filament_voltages
1736470913.7475932,-0.0231994556,step_filament_voltages
1736470915.7479696,-0.0232008644,step_filament_voltages
1736470917.7477202,-0.0235685534,step_filament_voltages
1736470919.7480986,-0.0235732414,step_filament_voltages
1736470921.7483914,-0.0235745242,step_filament_voltages
1736470923.7482216,-0.023577663,step_filament_voltages
1736470925.7482343,-0.0235794892,step_filament_voltages
1736470927.7487698,-0.0235815824,step_filament_voltages
1736470929.7484705,-0.0235851499,step_filament_voltages
1736470931.748563,-0.0235865757,step_filament_voltages
1736470933.7489007,-0.0235876801,step_filament_voltages
1736470935.7492197,-0.0235897382,step_filament_voltages
1736470937.7492232,-0.023951085,step_filament_voltages
1736470939.7498622,-0.023952209,step_filament_voltages
1736470941.7497213,-0.023957213,step_filament_voltages
1736470943.7494974,-0.0239603987,step_filament_voltages
1736470945.7500684,-0.0239765653,step_filament_voltages
1736470947.7500205,-0.0239639338,step_filament_voltages
1736470949.7501857,-0.0239661295,step_filament_voltages
1736470951.7502775,-0.0239681485,step_filament_voltages
1736470953.7503567,-0.023970821,step_filament_voltages
1736470955.7503848,-0.0239842405,step_filament_voltages
1736470957.7505128,-0.0243272244,step_filament_voltages
1736470959.7505643,-0.0243784604,step_filament_voltages
1736470961.7514222,-0.0243644721,step_filament_voltages
1736470963.750998,-0.0244634186,step_filament_voltages
1736470965.7506444,-0.0243403664,step_filament_voltages
1736470967.7517455,-0.0243430982,step_filament_voltages
1736470969.7513654,-0.0243455038,step_filament_voltages
1736470971.7513132,-0.024350809,step_filament_voltages
1736470973.7522202,-0.02435079,step_filament_voltages
1736470975.7515078,-0.0243584384,step_filament_voltages
1736470977.7520058,-0.0247299454,step_filament_voltages
1736470979.7525532,-0.0247218413,step_filament_voltages
1736470981.7520168,-0.0247165994,step_filament_voltages
1736470983.7521935,-0.0247200713,step_filament_voltages
1736470985.7524827,-0.0247218861,step_filament_voltages
1736470987.7527235,-0.0247335637,step_filament_voltages
1736470989.752609,-0.0247276715,step_filament_voltages
1736470991.753051,-0.0247308086,step_filament_voltages
1736470993.7531257,-0.0247309426,step_filament_voltages
1736470995.75327,-0.0247341695,step_filament_voltages
1736470997.7531714,-0.0250945363,step_filament_voltages
1736470999.753939,-0.0250984354,step_filament_voltages
1736471001.7539623,-0.0251060042,step_filament_voltages
1736471003.7540035,-0.0251071577,step_filament_voltages
1736471005.7545211,-0.0251095203,step_filament_voltages
1736471007.7543476,-0.0251124416,step_filament_voltages
1736471009.7540865,-0.0251164741,step_filament_voltages
1736471011.7546477,-0.025117624,step_filament_voltages
1736471013.7542307,-0.0251197316,step_filament_voltages
1736471015.7545195,-0.0251223788,step_filament_voltages
1736471017.7549222,-0.0254925923,step_filament_voltages
1736471019.754869,-0.0255003406,step_filament_voltages
1736471021.7549155,-0.0255056996,step_filament_voltages
1736471023.7560065,-0.0255042137,step_filament_voltages
1736471025.7550242,-0.0257819593,step_filament_voltages
1736471027.7558002,-0.0256735494,step_filament_voltages
1736471029.7567139,-0.0255151674,step_filament_voltages
1736471031.755968,-0.0255745084,step_filament_voltages
1736471033.7560399,-0.0255224588,step_filament_voltages
1736471035.755962,-0.025541107,step_filament_voltages
1736471037.756554,-0.0259187296,step_filament_voltages
1736471039.7565455,-0.0259432842,step_filament_voltages
1736471041.756708,-0.0259372758,step_filament_voltages
1736471043.7569692,-0.025937365,step_filament_voltages
1736471045.757147,-0.0259545427,step_filament_voltages
1736471047.7574403,-0.0259404493,step_filament_voltages
1736471049.7574472,-0.02594098,step_filament_voltages
1736471051.75765,-0.0259506153,step_filament_voltages
1736471053.7569818,-0.0259527355,step_filament_voltages
1736471055.7578175,-0.02595124,step_filament_voltages
1736471057.758194,-0.0263722231,step_filament_voltages
1736471059.7577674,-0.026387444,step_filament_voltages
1736471061.7581162,-0.0263772803,step_filament_voltages
1736471063.7586448,-0.0264113878,step_filament_voltages
1736471065.7580829,-0.0264001425,step_filament_voltages
1736471067.7588925,-0.0264018604,step_filament_voltages
1736471069.759336,-0.0264067101,step_filament_voltages
1736471071.7585516,-0.0264131453,step_filament_voltages
1736471073.75931,-0.0264218477,step_filament_voltages
1736471075.7594519,-0.0264154903,step_filament_voltages
1736471077.7592645,-0.0268345339,step_filament_voltages
1736471079.7599227,-0.0268253966,step_filament_voltages
1736471081.7614644,-0.0268543213,step_filament_voltages
1736471083.7601469,-0.0268940453,step_filament_voltages
1736471085.7608116,-0.0268740624,step_filament_voltages
1736471087.7608085,-0.0268529281,step_filament_voltages
1736471089.7607756,-0.0268759045,step_filament_voltages
1736471091.7612808,-0.0268784923,step_filament_voltages
1736471093.7612655,-0.0268706738,step_filament_voltages
1736471095.7611294,-0.0268683477,step_filament_voltages
1736471097.761248,-0.027318756,step_filament_voltages
1736471099.7617466,-0.027341829,step_filament_voltages
1736471101.761637,-0.0273190571,step_filament_voltages
1736471103.7621174,-0.027389279,step_filament_voltages
1736471105.761571,-0.0273557458,step_filament_voltages
1736471107.761888,-0.0273821566,step_filament_voltages
1736471109.7620988,-0.0273584954,step_filament_voltages
1736471111.7627397,-0.0273761629,step_filament_voltages
1736471113.7627866,-0.0273743445,step_filament_voltages
1736471115.7623792,-0.0274214802,step_filament_voltages
1736471117.7626467,-0.0278397142,step_filament_voltages
1736471119.7633102,-0.0278044096,step_filament_voltages
1736471121.76284,-0.027812091,step_filament_voltages
1736471123.7632256,-0.0278225125,step_filament_voltages
1736471125.7631233,-0.0279052738,step_filament_voltages
1736471127.7629828,-0.0278408152,step_filament_voltages
1736471129.7642353,-0.0278527433,step_filament_voltages
1736471131.7644122,-0.0278466571,step_filament_voltages
1736471133.7639256,-0.0278389862,step_filament_voltages
1736471135.764053,-0.0278513688,step_filament_voltages
1736471137.7646186,-0.0282610897,step_filament_voltages
1736471139.7642004,-0.0282923916,step_filament_voltages
1736471141.76507,-0.0282729948,step_filament_voltages
1736471143.7647328,-0.0283004295,step_filament_voltages
